date,list,symbol,price
2026-10-02,top5,NT2,22300.0
2026-10-02,top5,BVH,75800.0
2026-10-02,top5,HAG,14800.0
2026-10-02,top5,MSN,70700.0
2026-10-02,top5,PHR,33200.0
2026-10-02,new_VN30,MSN,70700.0
2026-10-02,new_MID,NT2,22300.0
2026-10-02,new_MID,HAG,14800.0
2026-10-02,new_MID,PHR,33200.0
2026-10-02,sustain,BVH,75800.0
2026-10-05,top5,DGW,47400.0
2026-10-05,top5,GMD,77800.0
2026-10-05,top5,MWG,74400.0
2026-10-05,top5,TRC,24100.0
2026-10-05,top5,DHC,38550.0
2026-10-05,new_VN30,MCH,140000.0
2026-10-05,new_VN30,MSN,71300.0
2026-10-05,new_VN30,MWG,74400.0
2026-10-05,new_MID,DGW,47400.0
2026-10-05,new_MID,GMD,77800.0
2026-10-05,new_MID,PVT,24200.0
2026-10-05,new_SMALL,BFC,57500.0
2026-10-05,new_SMALL,DHC,38550.0
2026-10-05,sustain,TRC,24100.0
2026-10-05,sustain,VPB,23000.0
2026-10-05,sustain,VGC,44500.0
2026-10-05,sustain,BVH,75800.0
2026-10-05,sustain,FRT,147000.0
2026-10-05,sustain,HAH,51500.0
2026-10-05,sustain,NAB,12500.0
2026-10-05,sustain,DCL,47000.0
2026-10-05,sustain,BFC,57500.0
2026-10-05,sustain,HDB,28050.0
2026-10-06,top5,HHP,17750.0
2026-10-06,top5,NAB,12900.0
2026-10-06,top5,MSB,14400.0
2026-10-06,top5,VTO,11800.0
2026-10-06,top5,MWG,76000.0
2026-10-06,new_VN30,MCH,141000.0
2026-10-06,new_VN30,MWG,76000.0
2026-10-06,new_VN30,VIC,232000.0
2026-10-06,new_VN30,MSN,72000.0
2026-10-06,new_MID,SBT,22900.0
2026-10-06,new_MID,MSB,14400.0
2026-10-06,new_SMALL,TLG,54000.0
2026-10-06,sustain,HHP,17750.0
2026-10-06,sustain,TRC,23950.0
2026-10-06,sustain,VTO,11800.0
2026-10-06,sustain,VPB,23200.0
2026-10-06,sustain,VGC,44300.0
2026-10-06,sustain,BVH,75000.0
2026-10-06,sustain,FRT,145000.0
2026-10-06,sustain,DCL,47000.0
2026-10-06,sustain,NAB,12900.0
2026-10-06,sustain,BFC,58800.0
2026-10-07,top5,HHP,17600.0
2026-10-07,top5,VTO,11950.0
2026-10-07,top5,MSN,75200.0
2026-10-07,top5,VOS,12300.0
2026-10-07,top5,FRT,150500.0
2026-10-07,new_VN30,MSN,75200.0
2026-10-07,new_VN30,VIB,13900.0
2026-10-07,new_VN30,MWG,76900.0
2026-10-07,new_VN30,BSR,31750.0
2026-10-07,new_VN30,GVR,34000.0
2026-10-07,new_MID,NT2,22550.0
2026-10-07,new_MID,BAF,31500.0
2026-10-07,new_MID,DCM,34200.0
2026-10-07,new_MID,PHR,33500.0
2026-10-07,new_SMALL,VOS,12300.0
2026-10-07,new_SMALL,TDP,28800.0
2026-10-07,new_SMALL,HID,4420.0
2026-10-07,new_SMALL,HAH,52500.0
2026-10-07,sustain,HHP,17600.0
2026-10-07,sustain,TRC,24100.0
2026-10-07,sustain,VTO,11950.0
2026-10-07,sustain,VPB,23400.0
2026-10-07,sustain,VGC,45550.0
2026-10-07,sustain,BVH,75500.0
2026-10-07,sustain,FRT,150500.0
2026-10-07,sustain,DCL,46900.0
2026-10-07,sustain,NAB,12700.0
2026-10-07,sustain,BFC,59000.0
2026-10-08,top5,HHP,17600.0
2026-10-08,top5,PVT,25550.0
2026-10-08,top5,PLX,37600.0
2026-10-08,top5,NT2,23000.0
2026-10-08,top5,TRC,24500.0
2026-10-08,new_VN30,GAS,82000.0
2026-10-08,new_VN30,MWG,76100.0
2026-10-08,new_MID,NT2,23000.0
2026-10-08,new_MID,PLX,37600.0
2026-10-08,new_MID,DCM,34400.0
2026-10-08,new_MID,ANV,18650.0
2026-10-08,new_SMALL,TDP,29300.0
2026-10-08,new_SMALL,HID,4650.0
2026-10-08,sustain,HHP,17600.0
2026-10-08,sustain,TRC,24500.0
2026-10-08,sustain,VTO,11750.0
2026-10-08,sustain,VPB,23450.0
2026-10-08,sustain,BVH,77900.0
2026-10-08,sustain,FRT,150900.0
2026-10-08,sustain,DCL,50100.0
2026-10-08,sustain,DHC,39200.0
2026-10-08,sustain,MSB,14750.0
2026-10-08,sustain,PVT,25550.0
2026-10-09,top5,TRC,25000.0
2026-10-09,top5,HHP,17650.0
2026-10-09,top5,TDP,29700.0
2026-10-09,top5,SBT,22850.0
2026-10-09,top5,BAF,31150.0
2026-10-09,new_VN30,GAS,80700.0
2026-10-09,new_VN30,MWG,75900.0
2026-10-09,new_MID,DCM,34850.0
2026-10-09,new_MID,PLX,37350.0
2026-10-09,new_MID,BAF,31150.0
2026-10-09,new_MID,ANV,18650.0
2026-10-09,new_SMALL,TDP,29700.0
2026-10-09,new_SMALL,VOS,12100.0
2026-10-09,new_SMALL,HID,4590.0
2026-10-09,new_SMALL,CSV,22600.0
2026-10-09,sustain,HHP,17650.0
2026-10-09,sustain,TRC,25000.0
2026-10-09,sustain,VTO,11700.0
2026-10-09,sustain,VPB,23800.0
2026-10-09,sustain,BVH,76200.0
2026-10-09,sustain,FRT,149600.0
2026-10-09,sustain,DCL,48800.0
2026-10-09,sustain,BFC,62100.0
2026-10-09,sustain,MSB,14600.0
2026-10-09,sustain,PVT,25200.0
